{
  "uas":91.8900594047,
  "las":90.0726533777,
  "ents_p":85.540697997,
  "ents_r":86.1621863298,
  "ents_f":85.8503174073,
  "tags_acc":97.2044842264,
  "token_acc":99.8890484271
}